id;creation_date;name;email;feedback
1;2021-10-12T23:04:05;system Comunicaciones Rufiyaa;Isabel_Valles@yahoo.com;interface hard
2;2021-10-13T08:29:27;generación one-to-one misión;Carlos.Quintero82@hotmail.com;Salud
3;2021-10-13T10:09:12;scalable Galicia proyecto;Claudio49@hotmail.com;indexing
4;2021-10-13T02:47:56;calculate Ladrillo;Isabela_Quintanilla@hotmail.com;Liechtenstein
5;2021-10-13T07:38:53;efficient Amarillo;Eduardo_Barajas@yahoo.com;Account
6;2021-10-13T10:22:01;connect;Magdalena84@hotmail.com;capa Madera navigate
7;2021-10-13T01:59:01;e-enable Card;Diana_Nava@gmail.com;Hecho Money
8;2021-10-13T12:17:51;HTTP;Gloria.Valds@gmail.com;Poblado AI enhance
9;2021-10-12T20:38:37;Gabón;Claudia42@gmail.com;Caimán
10;2021-10-12T16:24:01;Rústico a;Claudia72@yahoo.com;Granito feed
